population,n_responders,n_non_responders,median_responders_pct,median_non_responders_pct,mannwhitney_u,p_value,p_value_bonferroni,significant_alpha_0.05
b_cell,993,975,9.432277716506485,9.788394525529014,459971.0,0.055702309738266224,0.2785115486913311,False
cd4_t_cell,993,975,30.22056448672133,29.657607004517313,515276.0,0.013344218813937617,0.06672109406968808,False
cd8_t_cell,993,975,24.728022127013396,24.603067146867414,478176.0,0.6390858847346418,1.0,False
monocyte,993,975,19.60969754287689,19.942332781511407,466510.0,0.16315013268752876,0.8157506634376438,False
nk_cell,993,975,14.509281611587447,14.799142593764923,464546.0,0.12105079820428571,0.6052539910214285,False
